"Navigate","Matching Character","Shift+Ctrl+P","Editing in Structured Text Editors"
"Terminal view commands","Terminal view insert","Alt+S","Terminal Typing Connected"
"Text Editing","Next Column","Ctrl+F","Editing Text"
"Run/Debug","Step Into Selection","Ctrl+F5","Debugging"
"Edit","Cut","Ctrl+X","In Dialogs and Windows"
"C/C++ Source","Go to Next Member","Shift+Ctrl+Down","C/C++ Editor"
"Text Editing","Italic","Ctrl+I","Editing Styled Text"
"Source","Toggle Comment","Shift+Ctrl+C","Editing Java Source"
"Text Editing","Bold","Ctrl+B","Editing Styled Text"
"Run/Debug","Debug","F11","In Windows"
"Rich Page Editor","HorizontalVerticalHandler ()","Shift+Ctrl+H","Rich Page Editor Context"
"Run/Debug","Step Into Selection","Ctrl+F5","Debugging C/C++"
"Edit","Find Next","Ctrl+K","Editing Text"
"Navigate","Go to Line","Ctrl+X G","Editing Text"
"Edit","Redo","F10","In Windows"
"C/C++ Source","Explore Macro Expansion","Ctrl+=","C/C++ Editor"
"Plan Editor","Switch to Outline Mode","Enter","Editing Work Item Summary"
"Run/Debug","Run OSGi Framework","Shift+Alt+X O","In Windows"
"Run/Debug","Run","Ctrl+F11","In Windows"
"Navigate","Open Task","Ctrl+F12","In Windows"
"File","Properties","Alt+Enter","In Windows"
"Task Repositories","Open Selected Task","Ctrl+Enter","In Tasks View"
"Terminal view commands","Terminal view insert","Alt+V","Terminal Typing Connected"
"Navigate","Open External JSDoc","Shift+F2","JavaScript View"
"File","Save","Ctrl+S","In Windows"
"File","Close","Ctrl+X K","In Windows"
"Text Editing","Insert Line Below Current Line","Shift+Enter","Editing Text"
"Spy","Plug-in Menu Spy","Shift+Alt+F2","In Dialogs and Windows"
"File","Rename","F2","In Windows"
"Makefile Source","Comment","Ctrl+/","Makefile Editor"
"Refactor - JavaScript","Inline","Shift+Alt+I","JavaScript View"
"Source","Rename In File","Shift+Alt+R","Editing Ant Buildfiles"
"Text Editing","To Upper Case","Shift+Ctrl+X","Editing Text"
"Plan Editor","Find Similar Work Items","Ctrl+I","Editing Attached Pages"
"Edit","Copy","Esc W","In Dialogs and Windows"
"Work Item","Insert Work Item Link","Shift+Ctrl+A","Editing Styled Text"
"Navigate","Open Declaration","F3","In Windows"
"Database Tools","Debug","Ctrl+Alt+D","Editing SQL"
"Source","Add Import","Shift+Ctrl+M","Editing JavaScript Source"
"Text Editing","Clear Mark","Ctrl+G","Editing Text"
"Source","Organize Imports","Shift+Ctrl+O","In Windows"
"Edit","Find and Replace","Esc R","In Windows"
"Run/Debug","Run Maven Build","Shift+Alt+X M","In Windows"
"Rich Page Editor","HorizontalVerticalHandler ()","Shift+Ctrl+V","Rich Page Editor Context"
"C/C++ Source","Sort Lines","Ctrl+Alt+S","C/C++ Editor"
"Navigate","Next Sub-Tab","Alt+PageDown","In Dialogs and Windows"
"Run/Debug","Previous Page of Memory","Shift+Ctrl+,","In Table Memory Rendering"
"Event Log","Mark Read & Select Next Unread","Ctrl+Space","In Event Log"
"Uncategorized","Add Artifact to Target Platform","Shift+Ctrl+Alt+A","In Windows"
"Task Repositories","Quick Outline","Ctrl+O","In Tasks Editor"
"Window","Previous View","Shift+Ctrl+F7","In Windows"
"Source","Toggle Comment","Ctrl+/","Editing Java Source"
"Navigate","Quick Outline","Shift+Ctrl+O","Task Markup Editor Source Context"
"Edit","Find and Replace","Alt+R","In Windows"
"Run/Debug","New Rendering","Ctrl+N","In Memory View"
"Text Editing","Line Start","Home","Editing Text"
"Plan Editor","Promote","Shift+Tab","Editing Work Item Summary"
"Reverse Debugging Commands","Reverse Step Over","Shift+F6","Debugging C/C++"
"Edit","Undo","Ctrl+X U","In Windows"
"Navigate","Show In Breadcrumb","Shift+Alt+B","Editor Breadcrumb Navigation"
"Run/Debug","Run Java Application","Shift+Alt+X J","In Windows"
"Run/Debug","Go to Address","Ctrl+G","In Table Memory Rendering"
"Navigate","Open Team Artifact Favorite","Ctrl+Alt+F","In Windows"
"Text Editing","Move Lines Down","Alt+Down","Editing Text"
"C/C++ Source","Open Element","Shift+Ctrl+T","C/C++ Editor"
"Navigate","Next","Ctrl+.","In Windows"
"Window","Switch to Editor","Ctrl+X Ctrl+B","In Windows"
"Text Editing","Delete Next Word","Ctrl+Delete","Editing Text"
"Search","Show Occurrences in File Quick Menu","Shift+Ctrl+U","JavaScript View"
"Run/Debug","Run JUnit Plug-in Test","Shift+Alt+X P","In Windows"
"Web Page Editor Layout","Horizontal Layout","Shift+Ctrl+F10","Using Web Page Editor"
"Navigate","Go to Next Member","Shift+Ctrl+Down","Editing Java Source"
"Run/Debug","Debug JUnit Test","Shift+Alt+D T","In Windows"
"Run/Debug","Go to Address...","Ctrl+G","In Disassembly"
"Source","Indent Line","Ctrl+I","Editing JavaScript Source"
"Navigate","Open Call Hierarchy","Ctrl+Alt+H","In C/C++ Views"
"Plan Editor","Add Work Item","Ctrl+Enter","Organizing Current Work"
"Window","Quick Access","Ctrl+3","In Windows"
"Run/Debug","Java Breakpoint Properties","Alt+Enter","In Breakpoints View"
"Source","Toggle Ant Mark Occurrences","Shift+Alt+O","Editing Ant Buildfiles"
"Makefile Source","Open declaration","F3","Makefile Editor"
"Text Editing","Set Mark","Ctrl+2","Editing Text"
"Text Editing","Content Assist","Ctrl+Space","In Dialogs and Windows"
"C/C++ Source","Quick Type Hierarchy","Ctrl+T","C/C++ Editor"
"Navigate","Next Page","Ctrl+F5","Using Web Page Editor"
"SQL Results View","Remove All Visible Results","Shift+Delete","In Windows"
"Text Editing","To Lower Case","Shift+Ctrl+Y","Editing Text"
"Plan Editor","Switch to Outline Mode","Esc","Editing Work Item Description"
"Text Editing","Text End","Esc >","Editing Text"
"Run/Debug","Terminate","Ctrl+F2","Debugging"
"JavaScript Debug","JavaScript Breakpoint Properties","Ctrl+Enter","In Breakpoints View"
"Task Repositories","Show Tooltip Description","F4","In Tasks View"
"Navigate","Open Attached Javadoc","Shift+F2","In Windows"
"Navigate","Go to Previous Member","Shift+Ctrl+Up","Editing JavaScript Source"
"Database Tools","Edit in SQL Query Builder...","Alt+Q","Editing SQL"
"Text Editing","Text Start","Esc Shift+<","Editing Text"
"Source","Surround With Quick Menu","Shift+Alt+Z","In Windows"
"Work Item","Quick Query","Shift+Ctrl+Q","Editing Styled Text"
"Run/Debug","Inspect","Shift+Ctrl+I","In Dialogs and Windows"
"Run/Debug","Toggle Memory Monitors Pane","Ctrl+T","In Memory View"
"Run/Debug","Debug Ant Build","Shift+Alt+D Q","In Windows"
"Edit","Incremental Find","Ctrl+S","Editing Text"
"Text Editing","Delete Previous Word","Esc Backspace","Editing Text"
"Plan Editor","Add Work Item","Ctrl+Enter","Editing Work Item Summary"
"Text Editing","Text Start","Ctrl+Home","Editing Text"
"Metadatas","Metadata command","Ctrl+6","In Windows"
"Task Repositories","Mark Task Complete","Shift+Alt+C","In Tasks View"
"Text Editing","Move Lines Up","Alt+Up","Editing Text"
"Run/Debug","Toggle Breakpoint","Shift+Ctrl+B","In Windows"
"Text Editing","Swap Mark","Ctrl+X Ctrl+X","Editing Text"
"Rich Page Editor","StepOut","Shift+Ctrl+6","In Windows"
"Run/Debug","Run to Line","Ctrl+R","Debugging"
"Window","Maximize Active View or Editor","Ctrl+M","In Windows"
"Database Tools","Execute Selected Text","Alt+X","Editing SQL"
"Edit","Quick Fix","Ctrl+1","In Dialogs and Windows"
"Window","Show Contributing Plug-in","Shift+Alt+F3","In Dialogs and Windows"
"Run/Debug","Go to Program Counter","Home","In Disassembly"
"C/C++ Source","Toggle Mark Occurrences","Shift+Alt+O","C/C++ Editor"
"Jazz Source Control","Check-In","Shift+Ctrl+F9","In Windows"
"Search","Declaration in Workspace","Ctrl+G","In Windows"
"File","Close All","Shift+Ctrl+W","In Windows"
"Text Editing","Delete Line","Ctrl+D","Editing Text"
"Window","Toggle Split Editor (Vertical)","Ctrl+{","In Windows"
"Window","Show System Menu","Alt+-","In Windows"
"Edit","Next Sibling","Shift+Ctrl+Down","Editing in Structured Text Editors"
"Plan Editor","Demote","Tab","Planned Items Page"
"Project","Rebuild Last Target","F9","In Windows"
"My Work View","Show News","Shift+F4","In My Work View"
"Terminal view commands","Terminal view insert","Alt+G","Terminal Typing Connected"
"Plan Editor","Select All","Ctrl+A","In Plans"
"Navigate","Open Maven POM","Shift+Alt+P","In Windows"
"Edit","Matching Tag","Shift+Ctrl+>","Editing in Structured Text Editors"
"C/C++ Source","Open Declaration","F3","In Macro Expansion Hover"
"Navigate","Quick Outline","Ctrl+O","WikiText Markup Source Context"
"Views","JavaScript Script Explorer","Shift+Alt+Q P","JavaScript View"
"Manifest Editor Source","Format Source","Shift+Ctrl+F","PDE editor"
"C/C++ Source","Show outline","Ctrl+O","C/C++ Editor"
"Edit","Word Completion","Alt+/","Editing Text"
"MoreUnit","Jump to Test/Source","Ctrl+J","Editing Text"
"Plan Editor","Move Down","Alt+Down","Organizing Current Work"
"ASA 9.x table schema editor","Paste","Alt+V","In Windows"
"Run/Debug","Debug XSLT Transformation","Shift+Alt+D X","In Windows"
"Work Item","Quick Search","Enter","Quick Search Trim"
"Work Item","Run Query","Ctrl+R","In Queries"
"Refactor - Java","Change Method Signature","Shift+Alt+C","In Windows"
"Edit","Toggle Block Selection","Shift+Alt+A","Editing Text"
"Edit","Copy","Alt+W","In Dialogs and Windows"
"Source","Remove Block Comment","Shift+Ctrl+\","Editing Java Source"
"Window","Previous Editor","Shift+Ctrl+F6","In Windows"
"C/C++ Source","Show Source Quick Menu","Shift+Alt+S","C/C++ Editor"
"Edit","Paste","Ctrl+V","In Dialogs and Windows"
"Text Editing","Page Up","Alt+V","Editing Text"
"Window","Show Ruler Context Menu","Ctrl+F10","Editing Text"
"Run/Debug","Run XSLT Transformation","Shift+Alt+X X","In Windows"
"Run/Debug","Run Android Application","Shift+Alt+A R","In Windows"
"Text Editing","Line Start","Ctrl+A","Editing Text"
"Source","Quick Assist - Assign to local variable","Ctrl+2 L","Editing JavaScript Source"
"Edit","Toggle Comment","Ctrl+/","Editing SQL"
"Source","Remove Occurrence Annotations","Shift+Alt+U","Editing JavaScript Source"
"Server","Stop","Ctrl+Alt+S","In Servers View"
"Text Editing","Line Up","Ctrl+P","Editing Text"
"Source","Add Javadoc Comment","Shift+Alt+J","In Windows"
"Edit","Update","Ctrl+F5","Graphiti Diagram"
"Refactor - Java","Move - Refactoring ","Shift+Alt+V","In Windows"
"Event Log","Reload All Feeds","Ctrl+R","In Event Log"
"Run/Debug","Run Java Applet","Shift+Alt+X A","In Windows"
"Source","Remove Occurrence Annotations","Shift+Alt+U","Editing Java Source"
"Edit","Incremental Find","Ctrl+J","Editing Text"
"C/C++ Source","Forward","Alt+Right","In Macro Expansion Hover"
"Text Editing","Text End","Ctrl+End","Editing Text"
"Source","Open Declaration","F3","Editing Ant Buildfiles"
"Source","Toggle Comment","Ctrl+7","Editing Java Source"
"Project","Make Target Build","Shift+F9","In Windows"
"Navigate","Deactivate Task","Shift+Ctrl+F9","In Windows"
"Edit","Select Next Element","Shift+Alt+Right","Editing in Structured Text Editors"
"Source","Format","Shift+Ctrl+F","Editing Ant Buildfiles"
"Source","Toggle Comment","Ctrl+/","Editing JavaScript Source"
"Project","Build All","Ctrl+B","In Windows"
"Navigate","Previous Page","Shift+Alt+F7","In Windows"
"Navigate","Forward History","Alt+Right","In Windows"
"Navigate","Open Type","Shift+Ctrl+T","In Windows"
"Navigate","Search Repository for Task","Shift+Ctrl+F12","In Windows"
"C/C++ Source","Declaration","Ctrl+G","In C/C++ Views"
"Source","Add Block Comment","Shift+Ctrl+/","Editing Java Source"
"Edit","Context Information","Shift+Alt+?","In Windows"
"Terminal view commands","Terminal view insert","Alt+P","Terminal Typing Connected"
"Focused UI","Make Landmark","Shift+Ctrl+Alt+Up","In Windows"
"Window","Activate Editor","F12","In Windows"
"Navigate","Open Type in Hierarchy","Shift+Ctrl+H","In C/C++ Views"
"Run/Debug","Display","Shift+Ctrl+D","In Dialogs and Windows"
"Window","Select Maven Profiles","Ctrl+Alt+P","In Windows"
"Source","Toggle Mark Occurrences","Shift+Alt+O","Editing Java Source"
"Views","Show View (Type Hierarchy)","Shift+Alt+Q T","In Windows"
"Edit","Copy","Ctrl+Insert","In Dialogs and Windows"
"File","New menu","Shift+Alt+N","In Windows"
"Edit","Toggle Insert Mode","Shift+Ctrl+Insert","Editing Text"
"ASA 9.x table schema editor","Copy","Alt+C","In Windows"
"Edit","Shift Left","Shift+Tab","C/C++ Editor"
"Search","Declaration in Workspace","Ctrl+G","JavaScript View"
"Run/Debug","Resume","F8","Debugging"
"Source","Quick Assist - Assign to var","Ctrl+2 F","Editing JavaScript Source"
"Edit","Cut","Ctrl+W","In Dialogs and Windows"
"Edit","Add Maven Plugin","Shift+Ctrl+P","Editing XML Source"
"File","Print","Esc F9","In Windows"
"Navigate","Open Resource","Ctrl+X Ctrl+F","In Windows"
"Source","Toggle Comment","Ctrl+/","Editing Properties Files"
"View","Zoom In","Ctrl+=","In Windows"
"Text Editing","Previous Column","Ctrl+B","Editing Text"
"Window","Previous Perspective","Shift+Ctrl+F8","In Windows"
"Rich Page Editor","PageHandler ()","Shift+Ctrl+B","Rich Page Editor Context"
"Task Repositories","Mark Task Read and Go To Previous Unread Task","Shift+Alt+Up","In Tasks View"
"Text Editing","Delete Next Word","Esc D","Editing Text"
"Text Editing","Delete Next Word","Alt+D","Editing Text"
"Server","Publish","Ctrl+Alt+P","In Servers View"
"Edit","Undo","Ctrl+Z","In Dialogs and Windows"
"Window","Quick Access","Alt+Right","Terminal Widget in Focus"
"Rich Page Editor","Browser ()","Shift+Ctrl+3","Rich Page Editor Context"
"Text Editing","Text End","Shift+Alt+>","Editing Text"
"Source","Remove Block Comment","Shift+Ctrl+\","Editing JavaScript Source"
"Text Editing","Next Word","Alt+F","Editing Text"
"Terminal view commands","Terminal view insert","Alt+R","Terminal Typing Connected"
"Run/Debug","Debug OSGi Framework","Shift+Alt+D O","In Windows"
"Terminal view commands","Terminal view insert","Alt+L","Terminal Typing Connected"
"Navigate","Open Include Browser","Ctrl+Alt+I","In C/C++ Views"
"Database Tools","Run","Ctrl+Alt+R","Editing SQL"
"Run/Debug","Execute","Ctrl+U","In Windows"
"Edit","Copy","Ctrl+C","In Dialogs and Windows"
"File","New","Ctrl+N","In Windows"
"Text Editing","Scroll Line Up","Alt+Z","Editing Text"
"JavaScript Debug","Evaluate","Shift+Alt+E","Editing JavaScript Source"
"Source","Toggle Mark Occurrences","Shift+Alt+O","Editing JavaScript Source"
"ASA 9.x table schema editor","Cut","Alt+X","In Windows"
"Edit","Select Enclosing Element","Shift+Alt+Up","Editing JavaScript Source"
"Source","Show Source Quick Menu","Shift+Alt+S","In Windows"
"Text Editing","Text End","Ctrl+X ]","Editing Text"
"Source","Format","Shift+Ctrl+F","Editing Java Source"
"Android Refactorings","Extract Android String","Shift+Alt+A S","In Windows"
"Views","Show View (Synchronize)","Shift+Alt+Q Y","In Windows"
"Search","References in Workspace","Shift+Ctrl+G","JavaScript View"
"Terminal view commands","Terminal view insert","Alt+N","Terminal Typing Connected"
"Views","JavaScript Declaration","Shift+Alt+Q D","JavaScript View"
"Web Page Editor Layout","Vertical Layout","Shift+Ctrl+F9","Using Web Page Editor"
"File","Print","Alt+F9","In Windows"
"Source","Add Block Comment","Shift+Ctrl+/","Editing JavaScript Source"
"Navigate","Backward History","Alt+Left","In Windows"
"Focused UI","Focus on Active Task","Shift+Alt+H","In Windows"
"Text Editing","Recenter","Ctrl+L","Editing Text"
"Source","Toggle Comment","Shift+Ctrl+C","Editing JavaScript Source"
"Run/Debug","Debug Java Applet","Shift+Alt+D A","In Windows"
"Navigate","Open Call Hierarchy","Ctrl+Alt+H","C/C++ Editor"
"Run/Debug","Debug JUnit Plug-in Test","Shift+Alt+D P","In Windows"
"Edit","Select Previous C/C++ Element","Shift+Alt+Left","C/C++ Editor"
"Navigate","Locate Dojo API","Ctrl+Alt+O","In Windows"
"Text Editing","Scroll Line Down","Ctrl+Down","Editing Text"
"Edit","Select Next C/C++ Element","Shift+Alt+Right","C/C++ Editor"
"Edit","Incremental Find Reverse","Shift+Ctrl+J","Editing Text"
"Edit","Context Information","Alt+?","In Windows"
"Window","Next View","Ctrl+F7","In Windows"
"Navigate","Open Include Browser","Ctrl+Alt+I","C/C++ Editor"
"Edit","Move","Shift+Alt+V","Editing JSP Source"
"Window","Next Editor","Ctrl+F6","In Windows"
"Edit","Add Im&port","Shift+Ctrl+M","Editing JSP Source"
"Edit","Compress","Shift+Ctrl+G","JSON Editor Context"
"C/C++ Source","Organize Includes","Shift+Ctrl+O","C/C++ Editor"
"Run/Debug","Run Ant Build","Shift+Alt+X Q","In Windows"
"My Work View","Show Work Time","Alt+Right","In My Work View"
"Task Editor","Submit Task","Shift+Alt+S","In Tasks Editor"
"Edit","Select Enclosing Element","Shift+Alt+Up","Editing in Structured Text Editors"
"C/C++ Source","Comment/Uncomment","Ctrl+/","C/C++ Editor"
"Source","Open External Documentation","Shift+F2","Editing Ant Buildfiles"
"Edit","Cut","Shift+Delete","In Dialogs and Windows"
"Database Tools","Execute All","Ctrl+Alt+X","Editing SQL"
"Text Editing","Scroll Line Up","Esc Z","Editing Text"
"Task Repositories","Mark Task Incomplete","Shift+Alt+I","In Tasks View"
"Text Editing","Collapse","Ctrl+Numpad_Subtract","Editing Text"
"File","Print","Ctrl+P","In Windows"
"Navigate","Open Type Hierarchy","F4","In Windows"
"Plan Editor","Cancel Editing","Esc","Editing Work Item Summary"
"Source","Show Source Quick Menu","Shift+Alt+S","JavaScript View"
"Text Editing","Delete Previous Word","Alt+Backspace","Editing Text"
"Source","Format","Esc Ctrl+F","Editing JavaScript Source"
"Run/Debug","Debug Java Application","Shift+Alt+D J","In Windows"
"Text Editing","Next Word","Ctrl+Right","Editing Text"
"C/C++ Source","Back","Alt+Left","In Macro Expansion Hover"
"Text Editing","Cut to Beginning of Line","Esc 0 Ctrl+K","Editing Text"
"Event Log","Mark All Read","Shift+Ctrl+C","In Event Log"
"Text Editing","Select Line End","Shift+End","Editing Text"
"Run/Debug","Run on Server","Shift+Alt+X R","In Windows"
"Refactor - C++","Rename - Refactoring ","Shift+Alt+R","C/C++ Editor"
"Refactor - C++","Toggle Function - Refactoring ","Shift+Alt+T","C/C++ Editor"
"Text Editing","Duplicate Lines","Ctrl+Alt+Up","Editing Text"
"Navigate","Next Page","Alt+F7","In Windows"
"Refactor - JavaScript","Show Refactor Quick Menu","Shift+Alt+T","JavaScript View"
"Work Item","Open Work Item","Ctrl+Alt+W","In Windows"
"Edit","Select Next Element","Shift+Alt+Right","Editing JavaScript Source"
"Edit","Restore Last C/C++ Selection","Shift+Alt+Down","C/C++ Editor"
"Focused UI","Show Context Quick View","Shift+Ctrl+Alt+Right","In Windows"
"Jazz Source Control","Deliver","Shift+Ctrl+F11","In Windows"
"Text Editing","Previous Word","Alt+B","Editing Text"
"Views","Show View (History)","Shift+Alt+Q Z","In Windows"
"Run/Debug","Step Return","F7","Debugging"
"Edit","Find and Replace","Ctrl+F","In Windows"
"Navigate","Open Call Hierarchy","Ctrl+Alt+H","JavaScript View"
"Task Editor","Maximize Part","Shift+Ctrl+M","In Tasks Editor"
"Navigate","Quick Outline","Ctrl+O","PDE editor"
"Text Editing","Expand","Ctrl+Numpad_Add","Editing Text"
"C/C++ Source","Go to Matching Bracket","Shift+Ctrl+P","C/C++ Editor"
"Plan Editor","Move Up","Alt+Up","Organizing Current Work"
"Navigate","Activate Task","Ctrl+F9","In Windows"
"Text Editing","Copy Lines","Ctrl+Alt+Down","Editing Text"
"Window","Maximize Active View or Editor","Alt+Up","Terminal Widget in Focus"
"File","Save All","Ctrl+X S","In Windows"
"Text Editing","Scroll Line Down","Ctrl+Z","Editing Text"
"Run/Debug","Add Memory Block","Ctrl+Alt+M","In Memory View"
"Rich Page Editor","PortraitLandscapeCommand ()","Shift+Ctrl+O","Rich Page Editor Context"
"Refactor - Java","Extract Method","Shift+Alt+M","In Windows"
"Rich Page Editor","PageHandler ()","Shift+Ctrl+G","Rich Page Editor Context"
"Text Editing","Insert Line Above Current Line","Shift+Ctrl+Enter","Editing Text"
"Plan Editor","Add Work Item","Ctrl+Enter","In Plans"
"Run/Debug","Run JUnit Test","Shift+Alt+X T","In Windows"
"Refactor - C++","Extract Function - Refactoring ","Shift+Alt+M","C/C++ Editor"
"Plan Editor","Select All","Ctrl+X H","In Dialogs and Windows"
"Refactor - Java","Rename - Refactoring ","Shift+Alt+R","In Windows"
"Run/Debug","Debug on Server","Shift+Alt+D R","In Windows"
"Run/Debug","Run Eclipse Application","Shift+Alt+X E","In Windows"
"Edit","Select Enclosing Element","Shift+Alt+Up","Editing Java Source"
"Views","Show View (Variables)","Shift+Alt+Q V","In Windows"
"Source","Add Import","Shift+Ctrl+M","Editing Java Source"
"Navigate","Previous Page","Shift+Ctrl+F5","In Faces Config Editor"
"Source","Quick Assist - Rename in file","Ctrl+2 R","Editing Java Source"
"File","Save All","Shift+Ctrl+S","In Windows"
"Run/Debug","Next Page of Memory","Shift+Ctrl+.","In Table Memory Rendering"
"Text Editing","Join Lines","Ctrl+Alt+J","Editing Text"
"Navigate","Previous Page","Shift+Ctrl+F5","Using Web Page Editor"
"Window","Quick Switch Editor","Ctrl+E","In Windows"
"Terminal view commands","Copy","Shift+Ctrl+C","Terminal Widget in Focus"
"Focused UI","Make Less Interesting","Shift+Ctrl+Alt+Down","In Windows"
"Terminal view commands","Terminal view insert","Alt+F","Terminal Typing Connected"
"Database Tools","Execute Selected Text As One Statement","Alt+C","Editing SQL"
"Navigate","Quick Hierarchy","Ctrl+T","Editing JavaScript Source"
"Source","Mock Dependencies in Test Case...","Shift+Ctrl+Alt+M","Editing Java Source"
"Navigate","Open Type Hierarchy","F4","In C/C++ Views"
"Edit","Redo","Ctrl+X R","In Windows"
"Plan Editor","Promote","Shift+Ctrl+D","In Plans"
"Navigate","Quick Outline","Ctrl+O","Editing JavaScript Source"
"Edit","Remove","Shift+Delete","Graphiti Diagram"
"Navigate","Quick Outline","Ctrl+O","Editing Java Source"
"Database Tools","Goto Matching Token","Shift+Ctrl+P","Editing SQL"
"Source","Quick Assist - Assign to local variable","Ctrl+2 L","Editing Java Source"
"Navigate","Open Declaration","F3","JavaScript View"
"Plan Editor","Demote","Shift+Ctrl+I","In Plans"
"Edit","Format Active Elements","Ctrl+I","Editing in Structured Text Editors"
"Rich Page Editor","ZoomOut","Shift+Ctrl+-","In Windows"
"Edit","Context Information","Shift+Ctrl+Space","In Dialogs and Windows"
"Plan Editor","Switch to Edit Mode","Alt+Enter","Planned Items Page"
"Source","Correct Indentation","Ctrl+I","Editing Java Source"
"Text Editing","Select Line Start","Shift+Home","Editing Text"
"Edit","Find Previous","Shift+Ctrl+K","Editing Text"
"Reverse Debugging Commands","Uncall","Shift+F7","Debugging C/C++"
"Refactor - JavaScript","Rename - Refactoring ","Shift+Alt+R","JavaScript View"
"File","Close","Ctrl+F4","In Windows"
"Edit","Restore Last Selection","Shift+Alt+Down","Editing JavaScript Source"
"Source","Surround With Quick Menu","Shift+Alt+Z","JavaScript View"
"File","Save","Ctrl+X Ctrl+S","In Windows"
"Edit","Select Previous Element","Shift+Alt+Left","Editing JavaScript Source"
"Views","Show View (Console)","Shift+Alt+Q C","In Windows"
"Edit","Delete","Delete","In Windows"
"Rich Page Editor","Browser ()","Shift+Ctrl+1","Rich Page Editor Context"
"Source","Create Test Method","Ctrl+U","Editing Java Source"
"Edit","Restore Last Selection","Shift+Alt+Down","Editing in Structured Text Editors"
"Rich Page Editor","PageHandler ()","Shift+Ctrl+S","Rich Page Editor Context"
"Reverse Debugging Commands","Reverse Resume","Shift+F8","Debugging C/C++"
"Task Repositories","Mark Task Read","Shift+Alt+R","In Tasks View"
"Terminal view commands","Terminal view insert","Alt+B","Terminal Typing Connected"
"Text Editing","Toggle Folding","Ctrl+Numpad_Divide","Editing Text"
"Task Repositories","Mark Task Unread","Shift+Alt+U","In Tasks Editor"
"Text Editing","Show Tooltip Description","F2","Editing Text"
"View","Zoom Out","Ctrl+-","In Windows"
"Terminal view commands","Terminal view insert","Alt+C","Terminal Typing Connected"
"Navigate","Open Structure","Ctrl+F3","Editing JavaScript Source"
"Event Log","Mark Read","Space","In Event Log"
"Text Editing","Delete Next Word","Alt+Delete","Editing Text"
"Edit","Redo","Shift+Ctrl++","In Windows"
"Navigate","Open Type in Hierarchy","Shift+Ctrl+H","In Windows"
"Navigate","Show In...","Shift+Alt+W","In Windows"
"Text Editing","Delete Next","Ctrl+D","Editing Text"
"Text Editing","Text End","Alt+>","Editing Text"
"Terminal view commands","Terminal view insert","Alt+T","Terminal Typing Connected"
"Plan Editor","Select All","Ctrl+A","In My Work View"
"Run/Debug","Step Over","F6","Debugging"
"Jazz Source Control","Accept","Shift+Ctrl+F12","In Windows"
"Views","Show View (Task List)","Shift+Alt+Q K","In Windows"
"Terminal view commands","Copy","Ctrl+Insert","Terminal Widget in Focus"
"Text Editing","Toggle Overwrite","Insert","Editing Text"
"Navigate","Open Type Hierarchy","F4","C/C++ Editor"
"C/C++ Source","References","Shift+Ctrl+G","C/C++ Editor"
"EMF Code Generation","Generate Code","Shift+Alt+G","In Windows"
"Views","Show View","Shift+Alt+Q Q","In Windows"
"C/C++ Source","Add Block Comment","Shift+Ctrl+/","C/C++ Editor"
"Plan Editor","Promote","Shift+Tab","Planned Items Page"
"Run/Debug","Debug Android Application","Shift+Alt+A D","In Windows"
"Text Editing","Delete to End of Line","Shift+Ctrl+Delete","Editing Text"
"Navigate","Open Remote Task","Shift+Ctrl+Alt+F12","In Windows"
"Navigate","Open Type in Hierarchy","Shift+Ctrl+H","C/C++ Editor"
"Window","Switch to Editor","Shift+Ctrl+E","In Windows"
"Navigate","Go To Previous Unread Task","Alt+Up","In Tasks View"
"Plan Editor","Move Up","Alt+Up","In Plans"
"Web Page Editor Layout","Source Code","Shift+Ctrl+F12","Using Web Page Editor"
"Text Editing","Scroll Line Up","Ctrl+Up","Editing Text"
"Rich Page Editor","ZoomIn","Shift+Ctrl+=","In Windows"
"Text Editing","Content Assist","Ctrl+Esc","In Dialogs and Windows"
"Edit","Redo","Shift+Ctrl+Z","In Dialogs and Windows"
"Text Editing","Text Start","Esc <","Editing Text"
"Server","Run","Ctrl+Alt+R","In Servers View"
"Run/Debug","Debug Eclipse Application","Shift+Alt+D E","In Windows"
"Search","References in Workspace","Shift+Ctrl+G","In Windows"
"Text Editing","Cut to End of Line","Ctrl+K","Editing Text"
"Terminal view commands","Terminal view insert","Alt+A","Terminal Typing Connected"
"Search","Show Occurrences in File Quick Menu","Shift+Ctrl+U","In Windows"
"Edit","Previous Sibling","Shift+Ctrl+Up","Editing in Structured Text Editors"
"C/C++ Source","References","Shift+Ctrl+G","In C/C++ Views"
"Run/Debug","Step Into","F5","Debugging"
"Text Editing","Line Down","Ctrl+N","Editing Text"
"Run/Debug","Close Rendering","Ctrl+W","In Memory View"
"Source","Quick Assist - Rename in file","Ctrl+2 R","Editing JavaScript Source"
"Edit","Rename","Shift+Alt+R","Editing JSP Source"
"Database Tools","Execute Current Text","Alt+S","Editing SQL"
"Terminal view commands","Terminal view insert","Alt+E","Terminal Typing Connected"
"Navigate","Quick Outline","Ctrl+O","Editing in Structured Text Editors"
"Views","JavaScript Type Hierarchy","Shift+Alt+Q T","JavaScript View"
"Source","Toggle Comment","Ctrl+7","Editing JavaScript Source"
"Task Repositories","Mark Task Read and Go To Next Unread Task","Shift+Alt+Down","In Tasks View"
"Text Editing","Text End","Esc Shift+>","Editing Text"
"Navigate","Open Plug-in Artifact","Shift+Ctrl+A","In Windows"
"C/C++ Source","Format","Shift+Ctrl+F","C/C++ Editor"
"Jazz Source Control","Show History","Shift+Ctrl+F10","In Windows"
"C/C++ Source","Declaration","Ctrl+G","C/C++ Editor"
"Terminal view commands","Terminal view insert","Alt+W","Terminal Typing Connected"
"Window","Toggle Split Editor (Horizontal)","Ctrl+_","In Windows"
"Navigate","Go to Matching Bracket","Shift+Ctrl+P","Editing JavaScript Source"
"Finder","Quick Search","Enter","Quick Search Trim"
"SQL Results View","Terminate Result","Ctrl+Break","In Windows"
"Window","Quick Switch Editor","Ctrl+X B","In Windows"
"Navigate","Expand All","Shift+Ctrl+Numpad_Multiply","In Windows"
"Plan Editor","Insert Work Item Link","Ctrl+L","Editing Attached Pages"
"Edit","Occurrences in File","Shift+Ctrl+A","Editing in Structured Text Editors"
"Text Editing","Previous Word","Esc B","Editing Text"
"Text Editing","Text Start","Alt+<","Editing Text"
"Web Page Editor Layout","Graphical Designer","Shift+Ctrl+F11","Using Web Page Editor"
"Navigate","Open Type","Shift+Ctrl+T","Editing JavaScript Source"
"Refactor - Java","Show Refactor Quick Menu","Shift+Alt+T","In Windows"
"Navigate","Go to Next Member","Shift+Ctrl+Down","Editing JavaScript Source"
"Text Editing","Collapse All","Shift+Ctrl+Numpad_Divide","Editing Text"
"Navigate","Open Resource","Shift+Ctrl+R","In Windows"
"Edit","Select Enclosing C/C++ Element","Shift+Alt+Up","C/C++ Editor"
"My Work View","Show Details","F4","In My Work View"
"Reverse Debugging Commands","Reverse Step Into","Shift+F5","Debugging C/C++"
"Task Repositories","Mark Task Complete","Shift+Alt+C","Editing Text"
"Navigate","Previous Sub-Tab","Alt+PageUp","In Dialogs and Windows"
"Views","Show View (Error Log)","Shift+Alt+Q L","In Windows"
"Run/Debug","All Instances","Shift+Ctrl+N","In Windows"
"Text Editing","Next Word","Esc F","Editing Text"
"Refactor - JavaScript","Change Function Signature","Shift+Alt+C","JavaScript View"
"Edit","Restore Last Selection","Shift+Alt+Down","Editing Java Source"
"Text Editing","Line End","Ctrl+E","Editing Text"
"Refactor - JavaScript","Extract Local Variable","Shift+Alt+L","JavaScript View"
"Navigate","Open Type Hierarchy","F4","JavaScript View"
"Views","Show View (Breakpoints)","Shift+Alt+Q B","In Windows"
"Task Repositories","New Subtask","Shift+Insert","In Tasks View"
"Text Editing","Expand All","Ctrl+Numpad_Multiply","Editing Text"
"Source","Organize Imports","Shift+Ctrl+O","JavaScript View"
"Edit","Undo","F9","In Windows"
"Text Editing","Cut to Beginning of Line","Alt+0 Ctrl+K","Editing Text"
"Run/Debug","Next Memory Monitor","Ctrl+Alt+N","In Memory View"
"Text Editing","Text Start","Ctrl+X [","Editing Text"
"Edit","Remove Block Comment","Shift+Ctrl+\","Editing in Structured Text Editors"
"C/C++ Source","Open Element","Shift+Ctrl+T","In C/C++ Views"
"Source","Quick Assist - Assign to field","Ctrl+2 F","Editing Java Source"
"C/C++ Source","Toggle Source/Header","Ctrl+Tab","C/C++ Editor"
"File","Close All","Shift+Ctrl+F4","In Windows"
"Edit","Incremental Find Reverse","Ctrl+R","Editing Text"
"Text Editing","Select Previous Word","Shift+Ctrl+Left","Editing Text"
"Text Editing","Page Up","Esc V","Editing Text"
"Window","Show View Menu","Ctrl+F10","In Dialogs and Windows"
"Source","Add JSDoc Comment","Shift+Alt+J","JavaScript View"
"Refactor - C++","Extract Local Variable - Refactoring ","Shift+Alt+L","C/C++ Editor"
"Git","Paste Repository Path or URI","Ctrl+V","In Git Repositories View"
"Refactor - Java","Extract Local Variable","Shift+Alt+L","In Windows"
"Source","Quick Assist - Extract method","Ctrl+2 M","Editing Java Source"
"Views","Show View (Declaration)","Shift+Alt+Q D","In Windows"
"Views","Show View (Search)","Shift+Alt+Q S","In Windows"
"Plan Editor","Create Work Item","Ctrl+J","Editing Attached Pages"
"Edit","Paste","Shift+Insert","In Dialogs and Windows"
"Navigate","Show In Breadcrumb","Shift+Alt+B","Editing Java Source"
"MoreUnit","Jump to Test/Source","Ctrl+J","Editing Java Source"
"Text Editing","Delete Previous Word","Ctrl+Backspace","Editing Text"
"Window","Show Key Assist","Shift+Ctrl+L","In Dialogs and Windows"
"Window","Update Project","Alt+F5","In Windows"
"Rich Page Editor","Browser ()","Shift+Ctrl+2","Rich Page Editor Context"
"Edit","Add Maven Dependency","Shift+Ctrl+D","Editing XML Source"
"Uncategorized","Copy SHA-1","Ctrl+C","In Git Reflog View"
"Pending Changes","Zoom In / Out","F4","Pending Changes"
"Terminal view commands","Terminal view insert","Alt+H","Terminal Typing Connected"
"Source","Toggle Comment","Esc Ctrl+C","Editing JavaScript Source"
"Navigate","Previous","Ctrl+,","In Windows"
"Task Repositories","Mark Task Incomplete","Shift+Alt+I","In Tasks Editor"
"Rich Page Editor","RefreshHandler","F5","Rich Page Editor Context"
"Views","Show View (Cheat Sheets)","Shift+Alt+Q H","In Windows"
"Plan Editor","Move Down","Alt+Down","In Plans"
"C/C++ Source","Go to Previous Member","Shift+Ctrl+Up","C/C++ Editor"
"Navigate","Go to Line","Ctrl+L","Editing Text"
"Navigate","Open Structure","Ctrl+F3","Editing Java Source"
"Run/Debug","Launch Build and Deploy","Shift+Alt+X B","In Windows"
"C/C++ Source","Add Include","Shift+Ctrl+N","C/C++ Editor"
"Source","Run Tests","Ctrl+R","Editing Java Source"
"Edit","Select Next Element","Shift+Alt+Right","Editing Java Source"
"SQL Results View","Remove Result","Ctrl+Delete","In Windows"
"Text Editing","Select Next Word","Shift+Ctrl+Right","Editing Text"
"Terminal view commands","Paste","Shift+Ctrl+V","Terminal Widget in Focus"
"Views","Show View (Package Explorer)","Shift+Alt+Q P","In Windows"
"Makefile Source","Uncomment","Ctrl+\","Makefile Editor"
"JavaScript Debug","Open Source","Shift+Ctrl+3","Debugging"
"Run/Debug","Display","Shift+Ctrl+V","In Dialogs and Windows"
"Views","Show View (Outline)","Shift+Alt+Q O","In Windows"
"C/C++ Source","Indent Line","Ctrl+I","C/C++ Editor"
"Spy","Plug-in Selection Spy","Shift+Alt+F1","In Dialogs and Windows"
"Edit","Export Diagram","Ctrl+O","Graphiti Diagram"
"Edit","Quick Diff Toggle","Shift+Ctrl+Q","Editing Text"
"Text Editing","Content Assist","Alt+/","In Dialogs and Windows"
"Text Editing","Page Down","Ctrl+V","Editing Text"
"Terminal view commands","Paste","Shift+Insert","Terminal Widget in Focus"
"Edit","Paste","Ctrl+Y","In Dialogs and Windows"
"Refactor - C++","Rename - Refactoring ","Shift+Alt+R","In C/C++ Views"
"Task Repositories","New Local Task","Insert","In Tasks View"
"Text Editing","Line End","End","Editing Text"
"Edit","Select Previous Element","Shift+Alt+Left","Editing in Structured Text Editors"
"Search","Open Search Dialog","Ctrl+H","In Windows"
"C/C++ Source","Explore Macro Expansion","Ctrl+#","C/C++ Editor"
"Plan Editor","Demote","Tab","Editing Work Item Summary"
"C/C++ Source","Open Declaration","F3","C/C++ Editor"
"C/C++ Source","Remove Block Comment","Shift+Ctrl+\","C/C++ Editor"
"Refactor - JavaScript","Move - Refactoring ","Shift+Alt+V","JavaScript View"
"MoreUnit","Jump to Test/Source","Ctrl+J","In Windows"
"Refactor - Java","Inline","Shift+Alt+I","In Windows"
"File","Refresh","F5","In Windows"
"Rich Page Editor","DesignModeHandler","F6","Rich Page Editor Context"
"Task Repositories","Mark Task Read","Shift+Alt+R","In Tasks Editor"
"Views","Show View (Problems)","Shift+Alt+Q X","In Windows"
"Source","Toggle Comment","Shift+Ctrl+C","Editing Properties Files"
"Git","Commit...","Ctrl+#","In Windows"
"Views","Documentation","Shift+Alt+Q J","JavaScript View"
"Refactor - JavaScript","Extract Function","Shift+Alt+M","JavaScript View"
"Navigate","Collapse All","Shift+Ctrl+Numpad_Divide","In Windows"
"Task Repositories","Mark Task Unread","Shift+Alt+U","In Tasks View"
"Edit","Undo","Shift+Ctrl+-","In Windows"
"Edit","Format","Shift+Ctrl+F","Editing in Structured Text Editors"
"Plan Editor","Select All","Ctrl+A","In Dialogs and Windows"
"C/C++ Source","Open Declaration","F3","In C/C++ Views"
"Edit","Open Selection","F3","Editing in Structured Text Editors"
"Text Editing","Previous Word","Ctrl+Left","Editing Text"
"Navigate","Next Page","Ctrl+F5","In Faces Config Editor"
"Uncategorized","Show Markup Cheat Sheet","F1","WikiText Markup Source Context"
"File","Close All","Ctrl+X Ctrl+C","In Windows"
"Navigate","Go to Matching Bracket","Shift+Ctrl+P","Editing Java Source"
"Run/Debug","Use Step Filters","Shift+F5","In Windows"
"Search","Find Text in Workspace","Ctrl+Alt+G","In Windows"
"Terminal view commands","Terminal view insert","Alt+Y","Terminal Typing Connected"
"Rich Page Editor","ScaleToFitCommand","Shift+Ctrl+8","Rich Page Editor Context"
"Views","Show View (Javadoc)","Shift+Alt+Q J","In Windows"
"Source","Format","Shift+Ctrl+F","Editing JavaScript Source"
"Edit","Format","Shift+Ctrl+F","JSON Editor Context"
"Server","Debug","Ctrl+Alt+D","In Servers View"
"Rich Page Editor","PortraitLandscapeCommand ()","Shift+Ctrl+L","Rich Page Editor Context"
"Text Editing","Text Start","Shift+Alt+<","Editing Text"
"Source","Toggle Comment","Ctrl+7","Editing Properties Files"
"Window","Next Perspective","Ctrl+F8","In Windows"
"Edit","Add Block Comment","Shift+Ctrl+/","Editing in Structured Text Editors"
"Text Editing","Reset Structure","Shift+Ctrl+Numpad_Multiply","Editing Text"
"Git","Copy Path to Clipboard","Ctrl+C","In Git Repositories View"
"Navigate","Go to Previous Member","Shift+Ctrl+Up","Editing Java Source"
"Run/Debug","EOF","Ctrl+D","In I/O Console"
"Terminal view commands","Terminal view insert","Alt+D","Terminal Typing Connected"
"C/C++ Source","Surround With Quick Menu","Shift+Alt+Z","C/C++ Editor"
"File","Close","Ctrl+W","In Windows"
"Edit","Toggle Comment","Shift+Ctrl+C","Editing in Structured Text Editors"
"Run/Debug","Force Return","Shift+Alt+F","In Windows"
"Navigate","Last Edit Location","Ctrl+Q","In Windows"
"Navigate","Quick Hierarchy","Ctrl+T","Editing Java Source"
"Navigate","Go To Next Unread Task","Alt+Down","In Tasks View"
"Navigate","Open Call Hierarchy","Ctrl+Alt+H","In Windows"
"Refactor - C++","Extract Constant - Refactoring ","Alt+C","C/C++ Editor"
"Edit","Select Previous Element","Shift+Alt+Left","Editing Java Source"
"Navigate","Open Type in Hierarchy","Shift+Ctrl+H","JavaScript View"
"Source","Run Tests of Selected Member","Shift+Ctrl+Alt+R","Editing Java Source"
